贺摸,~兜,基,夹乓,
@柏,qΑ@Y,50,#@柏#都~,
@柏,Α@柏,50,#@柏#荐#都~,
@柏,dガ_空,65,#@柏#都~,
@柏,撑K,70,#@柏#荐#都~,
@柏,dG撑K,80,#@柏#都~,
@柏,J}撑K,80,#@柏#都~,
@柏,噶e撑K,80,#@柏#都~,
@柏,堵}撑K,80,#@柏#都~,
@柏,集d撑K,80,#@柏#都~,
稼立,dG稼立,80,#稼立#都~,
稼立,J}稼立,80,#稼立#都~,
稼立,噶e稼立,80,#稼立#都~,
稼立,堵}稼立,80,#稼立#都~,
稼立,┵稼立,80,#稼立#都~,
稼立,ii稼立,80,#稼立#都~,
稼立,醑稼立,80,#稼立#都~,
,春阑e绡,65,##都~,
,墉荒G,65,##都~,
,じ皤l,65,##都~,
,噶e,65,##都~,
,滑c,65,##都~,
,醑,65,##都~,
皙w都,春阑e绠皙w都,90,#皙w都#都~,
皙w都,墉荒G皙w都,90,#皙w都#都~,
皙w都,噶e皙w都,90,#皙w都#都~,
皙w都,滑c皙w都,90,#皙w都#都~,
p,ォJOp,40,#p#荐#躬,
p,幞瞳p,40,#p#躬,
p,换[p,40,#p#躬,
p,厚p,40,#p#荐#躬,
p,イpp,40,#p#躬,
p,ォiO[幞瞳p,45,#蛮鳙p#躬,
p,ォiO[换[p,45,#蛮鳙p#躬,
p,ォiO[厚p,45,#蛮鳙p#躬,
p,ォiO[イpp,45,#蛮鳙p#躬,
p,幞庭[换[p,45,#蛮鳙p#躬,
p,幞庭[厚p,45,#蛮鳙p#躬,
p,幞庭[イpp,45,#蛮鳙p#躬,
p,换[[厚p,45,#蛮鳙p#躬,
p,换[[イpp,45,#蛮鳙p#躬,
